A correction must reference the current receipt.	सुधार में वर्तमान प्राप्ति रिकॉर्ड का संदर्भ दें।	दुरुस्तीत सध्याच्या प्राप्ती नोंदीचा संदर्भ द्या.
A draft can contain up to 20 items and 10 photos.	एक ड्राफ़्ट में अधिकतम 20 सामग्री पंक्तियाँ और 10 तस्वीरें हो सकती हैं।	एका मसुद्यात जास्तीत जास्त 20 मालाच्या ओळी आणि 10 फोटो असू शकतात.
A reversal is already awaiting review.	वर्तमान वापसी अनुरोध की समीक्षा करें।	सध्याच्या उलट नोंदीच्या विनंतीचे पुनरावलोकन करा.
Review the current reversal request.	वर्तमान वापसी अनुरोध की समीक्षा करें।	सध्याच्या उलट नोंदीच्या विनंतीचे पुनरावलोकन करा.
Account role and mobile number cannot be changed here.	यहाँ खाते की भूमिका या मोबाइल नंबर नहीं बदला जा सकता।	येथे खात्याची भूमिका किंवा मोबाइल क्रमांक बदलता येत नाही.
Agree the received quantity and resolve custody issues before approving invoices or payments.	इनवॉइस या भुगतान स्वीकृत करने से पहले प्राप्त मात्रा पर सहमति और माल की सुपुर्दगी के विवादों का समाधान ज़रूरी है।	चलन किंवा देयक मंजूर करण्यापूर्वी मिळालेल्या प्रमाणावर सहमती आणि मालाच्या ताब्याच्या प्रश्नांचे निराकरण आवश्यक आहे.
All goods have an accepted receipt. Open a dispute for a reviewed reversal; do not restore sold stock.	पूरे माल की प्राप्ति स्वीकृत है। बदलाव के लिए विवाद दर्ज करें; बेचा हुआ स्टॉक वापस न जोड़ें।	सर्व मालाची प्राप्ती मान्य आहे. बदलासाठी विवाद नोंदवा; विकलेला साठा परत जोडू नका.
Assessment not found.	यह रिकॉर्ड नहीं मिला। सूची ताज़ा करके दोबारा खोलें।	ही नोंद सापडली नाही. यादी अद्ययावत करून पुन्हा उघडा.
Document not found.	यह रिकॉर्ड नहीं मिला। सूची ताज़ा करके दोबारा खोलें।	ही नोंद सापडली नाही. यादी अद्ययावत करून पुन्हा उघडा.
Draft not found.	यह रिकॉर्ड नहीं मिला। सूची ताज़ा करके दोबारा खोलें।	ही नोंद सापडली नाही. यादी अद्ययावत करून पुन्हा उघडा.
Evidence not found.	यह रिकॉर्ड नहीं मिला। सूची ताज़ा करके दोबारा खोलें।	ही नोंद सापडली नाही. यादी अद्ययावत करून पुन्हा उघडा.
Lot not found.	यह रिकॉर्ड नहीं मिला। सूची ताज़ा करके दोबारा खोलें।	ही नोंद सापडली नाही. यादी अद्ययावत करून पुन्हा उघडा.
Material line not found.	यह रिकॉर्ड नहीं मिला। सूची ताज़ा करके दोबारा खोलें।	ही नोंद सापडली नाही. यादी अद्ययावत करून पुन्हा उघडा.
Not found.	यह रिकॉर्ड नहीं मिला। सूची ताज़ा करके दोबारा खोलें।	ही नोंद सापडली नाही. यादी अद्ययावत करून पुन्हा उघडा.
Open issue not found.	यह रिकॉर्ड नहीं मिला। सूची ताज़ा करके दोबारा खोलें।	ही नोंद सापडली नाही. यादी अद्ययावत करून पुन्हा उघडा.
Order not found.	यह रिकॉर्ड नहीं मिला। सूची ताज़ा करके दोबारा खोलें।	ही नोंद सापडली नाही. यादी अद्ययावत करून पुन्हा उघडा.
Payment not found.	यह रिकॉर्ड नहीं मिला। सूची ताज़ा करके दोबारा खोलें।	ही नोंद सापडली नाही. यादी अद्ययावत करून पुन्हा उघडा.
Photo not found.	यह रिकॉर्ड नहीं मिला। सूची ताज़ा करके दोबारा खोलें।	ही नोंद सापडली नाही. यादी अद्ययावत करून पुन्हा उघडा.
Request not found.	यह रिकॉर्ड नहीं मिला। सूची ताज़ा करके दोबारा खोलें।	ही नोंद सापडली नाही. यादी अद्ययावत करून पुन्हा उघडा.
Requirement not found.	यह रिकॉर्ड नहीं मिला। सूची ताज़ा करके दोबारा खोलें।	ही नोंद सापडली नाही. यादी अद्ययावत करून पुन्हा उघडा.
Shared photo not found.	यह रिकॉर्ड नहीं मिला। सूची ताज़ा करके दोबारा खोलें।	ही नोंद सापडली नाही. यादी अद्ययावत करून पुन्हा उघडा.
Attach a handover photo or explain why no photo is available.	सुपुर्दगी की तस्वीर लगाएँ या तस्वीर न होने का कारण बताएँ।	हस्तांतरणाचा फोटो जोडा किंवा फोटो नसल्याचे कारण द्या.
Capture time must be within the past 30 days.	प्रमाण का समय पिछले 30 दिनों के भीतर होना चाहिए।	पुराव्याची वेळ मागील 30 दिवसांतील असावी.
Choose a complete JPEG or PNG photo.	एक पूरी और सही JPEG या PNG तस्वीर चुनें।	पूर्ण आणि योग्य JPEG किंवा PNG फोटो निवडा.
Incomplete JPEG photo.	एक पूरी और सही JPEG या PNG तस्वीर चुनें।	पूर्ण आणि योग्य JPEG किंवा PNG फोटो निवडा.
Incomplete PNG photo.	एक पूरी और सही JPEG या PNG तस्वीर चुनें।	पूर्ण आणि योग्य JPEG किंवा PNG फोटो निवडा.
Invalid JPEG photo.	एक पूरी और सही JPEG या PNG तस्वीर चुनें।	पूर्ण आणि योग्य JPEG किंवा PNG फोटो निवडा.
Invalid PNG photo.	एक पूरी और सही JPEG या PNG तस्वीर चुनें।	पूर्ण आणि योग्य JPEG किंवा PNG फोटो निवडा.
Choose a complete PDF document.	एक पूरी PDF फ़ाइल चुनें।	पूर्ण PDF फाइल निवडा.
Choose a detailed code within the selected broad group.	यह विस्तृत कोड चुनी हुई मुख्य श्रेणी में नहीं आता। श्रेणी सही करें और फिर प्रस्तुत करें।	हा तपशीलवार कोड निवडलेल्या मुख्य गटात नाही. वर्गवारी दुरुस्त करून पुन्हा सादर करा.
The detailed category does not belong to this broad group. Review the category.	यह विस्तृत कोड चुनी हुई मुख्य श्रेणी में नहीं आता। श्रेणी सही करें और फिर प्रस्तुत करें।	हा तपशीलवार कोड निवडलेल्या मुख्य गटात नाही. वर्गवारी दुरुस्त करून पुन्हा सादर करा.
This detailed code maps to a different broad group. Ask the collector to correct the lot and resubmit.	यह विस्तृत कोड चुनी हुई मुख्य श्रेणी में नहीं आता। श्रेणी सही करें और फिर प्रस्तुत करें।	हा तपशीलवार कोड निवडलेल्या मुख्य गटात नाही. वर्गवारी दुरुस्त करून पुन्हा सादर करा.
Choose a file up to 5 MB.	अधिकतम 5 MB की फ़ाइल चुनें।	जास्तीत जास्त 5 MB ची फाइल निवडा.
Choose a future pickup window of at most two days.	भविष्य का उठान समय चुनें; समयावधि अधिकतम दो दिन हो।	भविष्यातील उचलण्याची वेळ निवडा; कालावधी जास्तीत जास्त दोन दिवस असावा.
Choose a material or logistics invoice.	सामग्री या ढुलाई का इनवॉइस चुनें।	मालाचे किंवा वाहतुकीचे चलन निवडा.
Choose a supported language.	उपलब्ध भाषाओं में से एक चुनें।	उपलब्ध भाषांपैकी एक निवडा.
Choose a valid broad category.	मान्य मुख्य श्रेणी चुनें।	वैध मुख्य वर्गवारी निवडा.
Unknown broad category.	मान्य मुख्य श्रेणी चुनें।	वैध मुख्य वर्गवारी निवडा.
Choose a valid condition.	सामग्री की मान्य स्थिति चुनें।	मालाची वैध स्थिती निवडा.
Choose a valid detailed category.	106 उपकरण कोड में से सही विस्तृत श्रेणी चुनें।	106 उपकरण कोडपैकी योग्य तपशीलवार वर्गवारी निवडा.
Choose one of the 106 equipment codes.	106 उपकरण कोड में से सही विस्तृत श्रेणी चुनें।	106 उपकरण कोडपैकी योग्य तपशीलवार वर्गवारी निवडा.
Unknown equipment category.	106 उपकरण कोड में से सही विस्तृत श्रेणी चुनें।	106 उपकरण कोडपैकी योग्य तपशीलवार वर्गवारी निवडा.
Choose a valid document filename.	दस्तावेज़ की फ़ाइल का सही नाम चुनें।	दस्तऐवजाच्या फाइलचे योग्य नाव निवडा.
Choose a valid role and language.	मान्य भूमिका और भाषा चुनें।	वैध भूमिका आणि भाषा निवडा.
Choose accept or dispute.	स्वीकृति या विवाद चुनें।	स्वीकृती किंवा विवाद निवडा.
Choose active or paused.	सक्रिय या रुकी हुई स्थिति चुनें।	सक्रिय किंवा थांबवलेली स्थिती निवडा.
Choose an available partner serving the collection area.	संग्रह क्षेत्र में काम करने वाला उपलब्ध परिवहन भागीदार चुनें।	संकलन परिसरात सेवा देणारा उपलब्ध वाहतूक भागीदार निवडा.
Choose an offered pickup/drop-off mode.	उपलब्ध उठान या स्वयं पहुँचाने का विकल्प चुनें।	उपलब्ध माल उचलण्याचा किंवा स्वतः पोहोचवण्याचा पर्याय निवडा.
Choose pickup and/or drop-off.	उपलब्ध उठान या स्वयं पहुँचाने का विकल्प चुनें।	उपलब्ध माल उचलण्याचा किंवा स्वतः पोहोचवण्याचा पर्याय निवडा.
Choose areas and availability.	सेवा क्षेत्र और उपलब्धता चुनें।	सेवा परिसर आणि उपलब्धता निवडा.
Choose at most five evidence photos.	प्रमाण के लिए अधिकतम पाँच तस्वीरें चुनें।	पुराव्यासाठी जास्तीत जास्त पाच फोटो निवडा.
Choose estimate or final logistics charge.	अनुमानित या अंतिम ढुलाई शुल्क चुनें।	अंदाजित किंवा अंतिम वाहतूक शुल्क निवडा.
Choose kg or pieces.	किलो या नग की इकाई चुनें।	किलो किंवा नग हे एकक निवडा.
Choose the manual location source for this capture.	इस प्रमाण के लिए स्थान का स्रोत मैन्युअल चुनें।	या पुराव्यासाठी ठिकाणाचा स्रोत स्वहस्ते निवडा.
Choose the payment method.	भुगतान का तरीका चुनें।	देयकाची पद्धत निवडा.
Choose valid dates and area.	सही तारीखें और सेवा क्षेत्र चुनें।	योग्य दिनांक आणि सेवा परिसर निवडा.
Choose valid dates.	सही तारीखें और सेवा क्षेत्र चुनें।	योग्य दिनांक आणि सेवा परिसर निवडा.
Choose validity within the next year.	अगले एक वर्ष के भीतर की वैधता चुनें।	पुढील एका वर्षातील वैधता निवडा.
Collector identification uses your own draft photo.	कलेक्टर की पहचान सुविधा केवल उसके अपने ड्राफ़्ट की तस्वीर पर चलती है।	संकलकाची ओळख सुविधा त्याच्या स्वतःच्या मसुद्यातील फोटोवरच चालते.
Complete recycler onboarding first.	पहले रिसाइकलर खाते की जानकारी पूरी करें।	आधी पुनर्चक्रणकर्त्याच्या खात्याची माहिती पूर्ण करा.
Confirm a category or mark it for review.	श्रेणी की पुष्टि करें या उसे समीक्षा के लिए रखें।	वर्गवारीची पुष्टी करा किंवा पुनरावलोकनासाठी ठेवा.
Confirm sending this photo to Gemini for identification.	पहचान के लिए तस्वीर Gemini को भेजने की सहमति दें।	ओळखीसाठी फोटो Gemini कडे पाठवण्याची संमती द्या.
Confirm sharing these lot photos with the selected recycler.	चुने हुए रिसाइकलर के साथ इस लॉट की तस्वीरें साझा करने की पुष्टि करें।	निवडलेल्या पुनर्चक्रणकर्त्यासोबत या लॉटचे फोटो शेअर करण्याची पुष्टी करा.
Demo storage is full. Contact Freedom Value support.	फ़ाइल भंडारण की सीमा पूरी हो गई है। और फ़ाइलें भेजने से पहले सहायता लें।	फाइल साठवण मर्यादा पूर्ण झाली आहे. आणखी फाइल पाठवण्यापूर्वी मदत घ्या.
Your document allowance is full.	फ़ाइल भंडारण की सीमा पूरी हो गई है। और फ़ाइलें भेजने से पहले सहायता लें।	फाइल साठवण मर्यादा पूर्ण झाली आहे. आणखी फाइल पाठवण्यापूर्वी मदत घ्या.
Your photo storage allowance is full. Contact support before uploading more.	फ़ाइल भंडारण की सीमा पूरी हो गई है। और फ़ाइलें भेजने से पहले सहायता लें।	फाइल साठवण मर्यादा पूर्ण झाली आहे. आणखी फाइल पाठवण्यापूर्वी मदत घ्या.
Document an accepted receipt and confirm missing goods returned before resolving the custody exception.	माल की सुपुर्दगी का विवाद सुलझाने से पहले स्वीकृत प्राप्ति और गायब माल की वापसी दर्ज करें।	मालाच्या ताब्याचा विवाद सोडवण्यापूर्वी मान्य प्राप्ती आणि गहाळ मालाचा परतावा नोंदवा.
Document is temporarily unavailable.	फ़ाइल अभी उपलब्ध नहीं है। कृपया कुछ समय बाद फिर कोशिश करें।	फाइल सध्या उपलब्ध नाही. कृपया काही वेळाने पुन्हा प्रयत्न करा.
Evidence temporarily unavailable.	फ़ाइल अभी उपलब्ध नहीं है। कृपया कुछ समय बाद फिर कोशिश करें।	फाइल सध्या उपलब्ध नाही. कृपया काही वेळाने पुन्हा प्रयत्न करा.
File is temporarily unavailable.	फ़ाइल अभी उपलब्ध नहीं है। कृपया कुछ समय बाद फिर कोशिश करें।	फाइल सध्या उपलब्ध नाही. कृपया काही वेळाने पुन्हा प्रयत्न करा.
Photo is unavailable. Please retry.	फ़ाइल अभी उपलब्ध नहीं है। कृपया कुछ समय बाद फिर कोशिश करें।	फाइल सध्या उपलब्ध नाही. कृपया काही वेळाने पुन्हा प्रयत्न करा.
Photo storage is temporarily unavailable.	फ़ाइल अभी उपलब्ध नहीं है। कृपया कुछ समय बाद फिर कोशिश करें।	फाइल सध्या उपलब्ध नाही. कृपया काही वेळाने पुन्हा प्रयत्न करा.
Photo storage unavailable.	फ़ाइल अभी उपलब्ध नहीं है। कृपया कुछ समय बाद फिर कोशिश करें।	फाइल सध्या उपलब्ध नाही. कृपया काही वेळाने पुन्हा प्रयत्न करा.
Photo unavailable.	फ़ाइल अभी उपलब्ध नहीं है। कृपया कुछ समय बाद फिर कोशिश करें।	फाइल सध्या उपलब्ध नाही. कृपया काही वेळाने पुन्हा प्रयत्न करा.
Private document storage is unavailable.	फ़ाइल अभी उपलब्ध नहीं है। कृपया कुछ समय बाद फिर कोशिश करें।	फाइल सध्या उपलब्ध नाही. कृपया काही वेळाने पुन्हा प्रयत्न करा.
Document reference is already used.	इस फ़ाइल का संदर्भ पहले से मौजूद है। नई फ़ाइल के लिए नया संदर्भ बनाएँ।	या फाइलचा संदर्भ आधीपासून आहे. नवीन फाइलसाठी नवीन संदर्भ तयार करा.
This file reference cannot be overwritten.	इस फ़ाइल का संदर्भ पहले से मौजूद है। नई फ़ाइल के लिए नया संदर्भ बनाएँ।	या फाइलचा संदर्भ आधीपासून आहे. नवीन फाइलसाठी नवीन संदर्भ तयार करा.
Document type does not match its contents.	फ़ाइल का प्रकार उसके भीतर की सामग्री से मेल नहीं खाता। सही फ़ाइल चुनें।	फाइलचा प्रकार तिच्यातील मजकुराशी जुळत नाही. योग्य फाइल निवडा.
The photo type does not match its contents.	फ़ाइल का प्रकार उसके भीतर की सामग्री से मेल नहीं खाता। सही फ़ाइल चुनें।	फाइलचा प्रकार तिच्यातील मजकुराशी जुळत नाही. योग्य फाइल निवडा.
Documents are immutable. Upload a new revision.	दस्तावेज़ बदला नहीं जा सकता। नया संशोधन अपलोड करें।	दस्तऐवज बदलता येत नाही. नवीन आवृत्ती अपलोड करा.
Duplicate material line.	एक सामग्री पंक्ति दो बार जोड़ी गई है।	एक मालाची ओळ दोनदा जोडली आहे.
Duplicate photo.	एक तस्वीर दो बार जोड़ी गई है।	एक फोटो दोनदा जोडला आहे.
Enter a cancellation reason.	रद्द करने का कारण लिखें।	रद्द करण्याचे कारण लिहा.
Enter a reason or clarification.	कारण या स्पष्टीकरण लिखें।	कारण किंवा स्पष्टीकरण लिहा.
Enter a title, positive rate and valid demand quantities.	शीर्षक, शून्य से अधिक दर और सही माँग मात्रा दर्ज करें।	शीर्षक, शून्यापेक्षा जास्त दर आणि योग्य मागणीचे प्रमाण भरा.
Enter a valid Indian mobile number.	सही भारतीय मोबाइल नंबर दर्ज करें।	योग्य भारतीय मोबाइल क्रमांक भरा.
Enter a valid date no later than today.	सही तारीख दर्ज करें; वह आज के बाद की न हो।	योग्य दिनांक भरा; तो आजनंतरचा नसावा.
Enter a valid quantity; pieces must be whole numbers.	सही मात्रा दर्ज करें। नग की संख्या पूर्णांक होनी चाहिए।	योग्य प्रमाण भरा. नगांची संख्या पूर्णांक असावी.
Enter one to twenty service areas.	एक से बीस सेवा क्षेत्र दर्ज करें। क्षेत्र खाली न छोड़ें।	एक ते वीस सेवा परिसर भरा. परिसर रिकामा ठेवू नका.
Service areas cannot be empty.	एक से बीस सेवा क्षेत्र दर्ज करें। क्षेत्र खाली न छोड़ें।	एक ते वीस सेवा परिसर भरा. परिसर रिकामा ठेवू नका.
Enter rupees with at most two decimal places.	रुपयों में अधिकतम दो दशमलव स्थानों के साथ राशि दर्ज करें।	रुपयांत जास्तीत जास्त दोन दशांश स्थानांसह रक्कम भरा.
Enter the actual quantity.	वास्तविक मात्रा दर्ज करें।	प्रत्यक्ष प्रमाण भरा.
Enter the logistics payee receipt or confirmation reference.	ढुलाई के प्राप्तकर्ता की पावती या पुष्टि का संदर्भ दर्ज करें।	वाहतूक देयकाच्या प्राप्तकर्त्याच्या पोच किंवा पुष्टीचा संदर्भ भरा.
Enter the verification code.	सत्यापन कोड दर्ज करें।	पडताळणी कोड भरा.
Enter your name, language and current profile version.	अपना नाम और भाषा भरें; प्रोफ़ाइल का वर्तमान संस्करण उपयोग करें।	नाव आणि भाषा भरा; प्रोफाइलची सध्याची आवृत्ती वापरा.
Enter your personal invitation code.	अपना व्यक्तिगत आमंत्रण कोड दर्ज करें।	तुमचा वैयक्तिक आमंत्रण कोड भरा.
Excess receipt needs a corrected inspection or separately reviewed stock and demand before acknowledgment.	अधिक प्राप्त मात्रा स्वीकारने से पहले निरीक्षण सही करें या अतिरिक्त स्टॉक और माँग की अलग समीक्षा करें।	जास्त मिळालेले प्रमाण मान्य करण्यापूर्वी तपासणी दुरुस्त करा किंवा अतिरिक्त साठा आणि मागणीचे स्वतंत्र पुनरावलोकन करा.
Explain the proposed price change.	इस कीमत या आवश्यकता में बदलाव का कारण बताएँ।	या किंमतीत किंवा गरजेत बदल करण्याचे कारण द्या.
Explain this requirement change.	इस कीमत या आवश्यकता में बदलाव का कारण बताएँ।	या किंमतीत किंवा गरजेत बदल करण्याचे कारण द्या.
Facility verification is required before accepting.	प्रकाशन या स्वीकृति से पहले केंद्र का सत्यापन ज़रूरी है। आवश्यकता को रुकी हुई स्थिति में सहेज सकते हैं।	प्रकाशन किंवा स्वीकृतीपूर्वी केंद्राची पडताळणी आवश्यक आहे. मागणी थांबवलेल्या स्थितीत जतन करता येते.
Facility verification is required before publishing. You can save a paused requirement.	प्रकाशन या स्वीकृति से पहले केंद्र का सत्यापन ज़रूरी है। आवश्यकता को रुकी हुई स्थिति में सहेज सकते हैं।	प्रकाशन किंवा स्वीकृतीपूर्वी केंद्राची पडताळणी आवश्यक आहे. मागणी थांबवलेल्या स्थितीत जतन करता येते.
Finance permission is required to upload documents.	यह कार्य केवल Freedom Value के वित्त-अधिकृत कर्मचारी कर सकते हैं।	हे काम फक्त Freedom Value चे वित्त-अधिकृत कर्मचारी करू शकतात.
Only Freedom Value finance staff can record settlement.	यह कार्य केवल Freedom Value के वित्त-अधिकृत कर्मचारी कर सकते हैं।	हे काम फक्त Freedom Value चे वित्त-अधिकृत कर्मचारी करू शकतात.
Handover evidence must be submitted by the collector or recycler.	सुपुर्दगी का प्रमाण संबंधित कलेक्टर या रिसाइकलर ही प्रस्तुत कर सकते हैं।	हस्तांतरणाचा पुरावा संबंधित संकलक किंवा पुनर्चक्रणकर्ताच देऊ शकतो.
Handover must be positive and within reserved quantity. Extra stock needs a separately reviewed request.	सुपुर्द मात्रा शून्य से अधिक और आरक्षित मात्रा के भीतर हो। अतिरिक्त माल के लिए अलग अनुरोध चाहिए।	हस्तांतरित प्रमाण शून्यापेक्षा जास्त आणि आरक्षित प्रमाणाच्या आत असावे. अतिरिक्त मालासाठी स्वतंत्र विनंती आवश्यक आहे.
Identification is already pending or the daily allowance is reached. Continue manually.	पहचान पहले से चल रही है या दैनिक सीमा पूरी है। श्रेणी स्वयं चुनकर आगे बढ़ सकते हैं।	ओळख प्रक्रिया चालू आहे किंवा दैनिक मर्यादा पूर्ण झाली आहे. वर्गवारी स्वतः निवडून पुढे जा.
Invoice amount must be positive.	इनवॉइस या भुगतान राशि शून्य से अधिक होनी चाहिए।	चलन किंवा देयकाची रक्कम शून्यापेक्षा जास्त असावी.
Payment amount must be positive.	इनवॉइस या भुगतान राशि शून्य से अधिक होनी चाहिए।	चलन किंवा देयकाची रक्कम शून्यापेक्षा जास्त असावी.
Invoice approval belongs to the order parties.	इनवॉइस स्वीकृत करने का अधिकार संबंधित ऑर्डर के पक्षों को है।	चलन मंजूर करण्याचा अधिकार संबंधित ऑर्डरच्या पक्षांना आहे.
Invoice must match the acknowledged final logistics charge.	इनवॉइस सहमत अंतिम ढुलाई शुल्क से मेल खाना चाहिए।	चलन मान्य अंतिम वाहतूक शुल्काशी जुळले पाहिजे.
Invoice or custody review is pending. To record an actual external transfer, explain the exception. This will not resolve the dispute.	इनवॉइस या माल की सुपुर्दगी की समीक्षा लंबित है। वास्तविक बाहरी भुगतान दर्ज करने के लिए अपवाद का कारण दें। इससे विवाद समाप्त नहीं होगा।	चलन किंवा मालाच्या ताब्याचे पुनरावलोकन प्रलंबित आहे. प्रत्यक्ष बाह्य देयक नोंदवण्यासाठी अपवादाचे कारण द्या. यामुळे विवाद मिटणार नाही.
Mobile sign-in is not available yet.	मोबाइल सत्यापन सेवा उपलब्ध नहीं है। बाद में कोशिश करें या व्यक्तिगत आमंत्रण का उपयोग करें।	मोबाइल पडताळणी सेवा उपलब्ध नाही. नंतर प्रयत्न करा किंवा वैयक्तिक आमंत्रण वापरा.
Mobile sign-in is not available yet. Please try again later.	मोबाइल सत्यापन सेवा उपलब्ध नहीं है। बाद में कोशिश करें या व्यक्तिगत आमंत्रण का उपयोग करें।	मोबाइल पडताळणी सेवा उपलब्ध नाही. नंतर प्रयत्न करा किंवा वैयक्तिक आमंत्रण वापरा.
The mobile verification service could not be reached. Please retry.	मोबाइल सत्यापन सेवा उपलब्ध नहीं है। बाद में कोशिश करें या व्यक्तिगत आमंत्रण का उपयोग करें।	मोबाइल पडताळणी सेवा उपलब्ध नाही. नंतर प्रयत्न करा किंवा वैयक्तिक आमंत्रण वापरा.
The mobile verification service is temporarily unavailable.	मोबाइल सत्यापन सेवा उपलब्ध नहीं है। बाद में कोशिश करें या व्यक्तिगत आमंत्रण का उपयोग करें।	मोबाइल पडताळणी सेवा उपलब्ध नाही. नंतर प्रयत्न करा किंवा वैयक्तिक आमंत्रण वापरा.
The mobile verification service returned an invalid response.	मोबाइल सत्यापन सेवा उपलब्ध नहीं है। बाद में कोशिश करें या व्यक्तिगत आमंत्रण का उपयोग करें।	मोबाइल पडताळणी सेवा उपलब्ध नाही. नंतर प्रयत्न करा किंवा वैयक्तिक आमंत्रण वापरा.
Verification could not be started.	मोबाइल सत्यापन सेवा उपलब्ध नहीं है। बाद में कोशिश करें या व्यक्तिगत आमंत्रण का उपयोग करें।	मोबाइल पडताळणी सेवा उपलब्ध नाही. नंतर प्रयत्न करा किंवा वैयक्तिक आमंत्रण वापरा.
Narrow the date or area filter to export at most 1,000 orders.	निर्यात के लिए तारीख या क्षेत्र का दायरा घटाकर अधिकतम 1,000 ऑर्डर चुनें।	निर्यातीसाठी दिनांक किंवा परिसराचा आवाका कमी करून जास्तीत जास्त 1,000 ऑर्डर निवडा.
Only operations staff can make this change.	यह बदलाव केवल संचालन कर्मचारी कर सकते हैं।	हा बदल फक्त संचालन कर्मचारी करू शकतात.
Only the addressed recycler can accept.	यह कार्य केवल अनुरोध प्राप्त करने वाला रिसाइकलर कर सकता है।	हे काम फक्त विनंती मिळालेला पुनर्चक्रणकर्ता करू शकतो.
Only the addressed recycler can confirm the detailed category.	यह कार्य केवल अनुरोध प्राप्त करने वाला रिसाइकलर कर सकता है।	हे काम फक्त विनंती मिळालेला पुनर्चक्रणकर्ता करू शकतो.
Only the collector can accept the received quantity.	प्राप्त मात्रा केवल संबंधित कलेक्टर स्वीकार कर सकता है।	मिळालेले प्रमाण फक्त संबंधित संकलक मान्य करू शकतो.
Only the collector can confirm material proceeds or a reversal.	सामग्री के पैसे मिलने या वापसी की पुष्टि केवल संबंधित कलेक्टर कर सकता है।	मालाचे पैसे मिळाल्याची किंवा उलट नोंदीची पुष्टी फक्त संबंधित संकलक करू शकतो.
Only the collector can confirm physical return.	सुपुर्दगी या वास्तविक वापसी संबंधित कलेक्टर ही दर्ज कर सकता है।	हस्तांतरण किंवा प्रत्यक्ष परतावा संबंधित संकलकच नोंदवू शकतो.
Only the collector can record handover.	सुपुर्दगी या वास्तविक वापसी संबंधित कलेक्टर ही दर्ज कर सकता है।	हस्तांतरण किंवा प्रत्यक्ष परतावा संबंधित संकलकच नोंदवू शकतो.
Only the receiving recycler can record inspection.	निरीक्षण केवल माल प्राप्त करने वाला रिसाइकलर दर्ज कर सकता है।	तपासणी फक्त माल मिळालेला पुनर्चक्रणकर्ता नोंदवू शकतो.
Only the recycler can acknowledge logistics charges.	आगे बढ़ने से पहले रिसाइकलर को वर्तमान ढुलाई शुल्क की पुष्टि करनी होगी।	पुढे जाण्यापूर्वी पुनर्चक्रणकर्त्याने सध्याच्या वाहतूक शुल्काची पुष्टी करणे आवश्यक आहे.
Recycler must acknowledge the current logistics charge before handover.	आगे बढ़ने से पहले रिसाइकलर को वर्तमान ढुलाई शुल्क की पुष्टि करनी होगी।	पुढे जाण्यापूर्वी पुनर्चक्रणकर्त्याने सध्याच्या वाहतूक शुल्काची पुष्टी करणे आवश्यक आहे.
Recycler must acknowledge the final logistics charge first.	आगे बढ़ने से पहले रिसाइकलर को वर्तमान ढुलाई शुल्क की पुष्टि करनी होगी।	पुढे जाण्यापूर्वी पुनर्चक्रणकर्त्याने सध्याच्या वाहतूक शुल्काची पुष्टी करणे आवश्यक आहे.
Operations must arrange the return first.	पहले संचालन टीम को माल की वापसी की व्यवस्था करनी होगी।	आधी संचालन पथकाने मालाच्या परताव्याची व्यवस्था करणे आवश्यक आहे.
Operations must schedule the handover first.	पहले संचालन टीम को सुपुर्दगी का समय तय करना होगा।	आधी संचालन पथकाने हस्तांतरणाची वेळ ठरवणे आवश्यक आहे.
Order changed or is cancelled. Refresh first.	रिकॉर्ड बदल गया है। जानकारी ताज़ा करके वर्तमान विवरण की समीक्षा करें, फिर कोशिश करें।	नोंद बदलली आहे. माहिती अद्ययावत करून सध्याच्या तपशीलांचे पुनरावलोकन करा आणि पुन्हा प्रयत्न करा.
Order changed or is no longer open. Refresh first.	रिकॉर्ड बदल गया है। जानकारी ताज़ा करके वर्तमान विवरण की समीक्षा करें, फिर कोशिश करें।	नोंद बदलली आहे. माहिती अद्ययावत करून सध्याच्या तपशीलांचे पुनरावलोकन करा आणि पुन्हा प्रयत्न करा.
Partner changed. Refresh first.	रिकॉर्ड बदल गया है। जानकारी ताज़ा करके वर्तमान विवरण की समीक्षा करें, फिर कोशिश करें।	नोंद बदलली आहे. माहिती अद्ययावत करून सध्याच्या तपशीलांचे पुनरावलोकन करा आणि पुन्हा प्रयत्न करा.
Refresh before making this change.	रिकॉर्ड बदल गया है। जानकारी ताज़ा करके वर्तमान विवरण की समीक्षा करें, फिर कोशिश करें।	नोंद बदलली आहे. माहिती अद्ययावत करून सध्याच्या तपशीलांचे पुनरावलोकन करा आणि पुन्हा प्रयत्न करा.
Refresh the category catalogue before saving.	रिकॉर्ड बदल गया है। जानकारी ताज़ा करके वर्तमान विवरण की समीक्षा करें, फिर कोशिश करें।	नोंद बदलली आहे. माहिती अद्ययावत करून सध्याच्या तपशीलांचे पुनरावलोकन करा आणि पुन्हा प्रयत्न करा.
Refresh the current logistics charge.	रिकॉर्ड बदल गया है। जानकारी ताज़ा करके वर्तमान विवरण की समीक्षा करें, फिर कोशिश करें।	नोंद बदलली आहे. माहिती अद्ययावत करून सध्याच्या तपशीलांचे पुनरावलोकन करा आणि पुन्हा प्रयत्न करा.
Refresh the current unacknowledged receipt.	रिकॉर्ड बदल गया है। जानकारी ताज़ा करके वर्तमान विवरण की समीक्षा करें, फिर कोशिश करें।	नोंद बदलली आहे. माहिती अद्ययावत करून सध्याच्या तपशीलांचे पुनरावलोकन करा आणि पुन्हा प्रयत्न करा.
Refresh this draft before saving.	रिकॉर्ड बदल गया है। जानकारी ताज़ा करके वर्तमान विवरण की समीक्षा करें, फिर कोशिश करें।	नोंद बदलली आहे. माहिती अद्ययावत करून सध्याच्या तपशीलांचे पुनरावलोकन करा आणि पुन्हा प्रयत्न करा.
Refresh this record before making changes.	रिकॉर्ड बदल गया है। जानकारी ताज़ा करके वर्तमान विवरण की समीक्षा करें, फिर कोशिश करें।	नोंद बदलली आहे. माहिती अद्ययावत करून सध्याच्या तपशीलांचे पुनरावलोकन करा आणि पुन्हा प्रयत्न करा.
Request changed. Refresh before responding.	रिकॉर्ड बदल गया है। जानकारी ताज़ा करके वर्तमान विवरण की समीक्षा करें, फिर कोशिश करें।	नोंद बदलली आहे. माहिती अद्ययावत करून सध्याच्या तपशीलांचे पुनरावलोकन करा आणि पुन्हा प्रयत्न करा.
Requirement changed. Refresh before saving.	रिकॉर्ड बदल गया है। जानकारी ताज़ा करके वर्तमान विवरण की समीक्षा करें, फिर कोशिश करें।	नोंद बदलली आहे. माहिती अद्ययावत करून सध्याच्या तपशीलांचे पुनरावलोकन करा आणि पुन्हा प्रयत्न करा.
The draft or requirement changed. Review the current version.	रिकॉर्ड बदल गया है। जानकारी ताज़ा करके वर्तमान विवरण की समीक्षा करें, फिर कोशिश करें।	नोंद बदलली आहे. माहिती अद्ययावत करून सध्याच्या तपशीलांचे पुनरावलोकन करा आणि पुन्हा प्रयत्न करा.
The order or physical custody changed. Refresh before continuing.	रिकॉर्ड बदल गया है। जानकारी ताज़ा करके वर्तमान विवरण की समीक्षा करें, फिर कोशिश करें।	नोंद बदलली आहे. माहिती अद्ययावत करून सध्याच्या तपशीलांचे पुनरावलोकन करा आणि पुन्हा प्रयत्न करा.
This draft changed on another device. Refresh before saving.	रिकॉर्ड बदल गया है। जानकारी ताज़ा करके वर्तमान विवरण की समीक्षा करें, फिर कोशिश करें।	नोंद बदलली आहे. माहिती अद्ययावत करून सध्याच्या तपशीलांचे पुनरावलोकन करा आणि पुन्हा प्रयत्न करा.
This proposal is no longer current.	रिकॉर्ड बदल गया है। जानकारी ताज़ा करके वर्तमान विवरण की समीक्षा करें, फिर कोशिश करें।	नोंद बदलली आहे. माहिती अद्ययावत करून सध्याच्या तपशीलांचे पुनरावलोकन करा आणि पुन्हा प्रयत्न करा.
This record changed. Refresh and review before retrying.	रिकॉर्ड बदल गया है। जानकारी ताज़ा करके वर्तमान विवरण की समीक्षा करें, फिर कोशिश करें।	नोंद बदलली आहे. माहिती अद्ययावत करून सध्याच्या तपशीलांचे पुनरावलोकन करा आणि पुन्हा प्रयत्न करा.
This record changed. Refresh and review your action.	रिकॉर्ड बदल गया है। जानकारी ताज़ा करके वर्तमान विवरण की समीक्षा करें, फिर कोशिश करें।	नोंद बदलली आहे. माहिती अद्ययावत करून सध्याच्या तपशीलांचे पुनरावलोकन करा आणि पुन्हा प्रयत्न करा.
Your profile changed on another device. Refresh before saving.	रिकॉर्ड बदल गया है। जानकारी ताज़ा करके वर्तमान विवरण की समीक्षा करें, फिर कोशिश करें।	नोंद बदलली आहे. माहिती अद्ययावत करून सध्याच्या तपशीलांचे पुनरावलोकन करा आणि पुन्हा प्रयत्न करा.
Payment already reversed.	इस भुगतान की वापसी पहले ही दर्ज है।	या देयकाची उलट नोंद आधीच झाली आहे.
Photo dimensions are unsupported. Use a smaller image.	तस्वीर का आकार समर्थित नहीं है। छोटी तस्वीर चुनें।	फोटोचा आकार समर्थित नाही. लहान फोटो निवडा.
Photo identification is unavailable. Choose the category manually.	तस्वीर से पहचान अभी उपलब्ध नहीं है। श्रेणी स्वयं चुनें।	फोटोवरून ओळख सध्या उपलब्ध नाही. वर्गवारी स्वतः निवडा.
Photo uploads require a personal account.	तस्वीर भेजने के लिए व्यक्तिगत खाते में साइन इन करें।	फोटो पाठवण्यासाठी वैयक्तिक खात्यात प्रवेश करा.
Pickup evidence is immutable; open an issue for a correction.	सुपुर्दगी दर्ज हो चुकी है और सीधे बदली नहीं जा सकती। सुधार या वापसी के लिए समस्या दर्ज करें।	हस्तांतरण नोंदवले आहे आणि थेट बदलता येत नाही. दुरुस्ती किंवा परताव्यासाठी समस्या नोंदवा.
Pickup has already been recorded. Use exception or return handling.	सुपुर्दगी दर्ज हो चुकी है और सीधे बदली नहीं जा सकती। सुधार या वापसी के लिए समस्या दर्ज करें।	हस्तांतरण नोंदवले आहे आणि थेट बदलता येत नाही. दुरुस्ती किंवा परताव्यासाठी समस्या नोंदवा.
Pickup is already recorded. Open an issue instead.	सुपुर्दगी दर्ज हो चुकी है और सीधे बदली नहीं जा सकती। सुधार या वापसी के लिए समस्या दर्ज करें।	हस्तांतरण नोंदवले आहे आणि थेट बदलता येत नाही. दुरुस्ती किंवा परताव्यासाठी समस्या नोंदवा.
Quantity must be greater than zero and at most 50,000.	मात्रा शून्य से अधिक और अधिकतम 50,000 होनी चाहिए।	प्रमाण शून्यापेक्षा जास्त आणि जास्तीत जास्त 50,000 असावे.
Receipt is not editable at this stage.	इस चरण में प्राप्ति रिकॉर्ड नहीं बदला जा सकता।	या टप्प्यावर प्राप्ती नोंद बदलता येत नाही.
Record collector handover before transit.	माल रास्ते में दर्शाने से पहले कलेक्टर की सुपुर्दगी दर्ज करें।	माल प्रवासात दाखवण्यापूर्वी संकलकाचे हस्तांतरण नोंदवा.
Resolve open pickup issues before handover.	सुपुर्दगी से पहले खुली उठान समस्याएँ सुलझाएँ।	हस्तांतरणापूर्वी माल उचलण्याच्या प्रलंबित समस्या सोडवा.
Return confirmations are immutable.	वापसी की पुष्टि सीधे नहीं बदली जा सकती।	परताव्याची पुष्टी थेट बदलता येत नाही.
Return quantity exceeds goods eligible to return.	वापसी की मात्रा पात्र माल से अधिक है।	परताव्याचे प्रमाण पात्र मालापेक्षा जास्त आहे.
Review a pending or disputed payment.	लंबित या विवादित भुगतान की समीक्षा करें।	प्रलंबित किंवा विवादित देयकाचे पुनरावलोकन करा.
Review the current material price proposal first.	पहले सामग्री की वर्तमान कीमत के प्रस्ताव की समीक्षा करें।	आधी मालाच्या सध्याच्या किंमत प्रस्तावाचे पुनरावलोकन करा.
Upload a revision based on the current terms and received quantity.	वर्तमान शर्तों और प्राप्त मात्रा के आधार पर इनवॉइस का संशोधन अपलोड करें।	सध्याच्या अटी आणि मिळालेल्या प्रमाणावर आधारित चलनाची आवृत्ती अपलोड करा.
Sign in to continue.	आगे बढ़ने के लिए साइन इन करें।	पुढे जाण्यासाठी खात्यात प्रवेश करा.
The assigned partner is unavailable. Request rescheduling.	नियुक्त परिवहन भागीदार उपलब्ध नहीं है। नया समय तय करने का अनुरोध करें।	नेमलेला वाहतूक भागीदार उपलब्ध नाही. नवीन वेळ ठरवण्याची विनंती करा.
The collector or finance staff must upload the material invoice.	कलेक्टर या वित्त कर्मचारी को सामग्री का इनवॉइस अपलोड करना होगा।	संकलक किंवा वित्त कर्मचाऱ्याने मालाचे चलन अपलोड करणे आवश्यक आहे.
The other party must acknowledge this proposal.	दूसरे पक्ष को इस प्रस्ताव पर सहमति देनी होगी।	दुसऱ्या पक्षाने या प्रस्तावाला सहमती देणे आवश्यक आहे.
The recycler approves logistics invoices.	ढुलाई के इनवॉइस और प्राप्तकर्ता की पावती की पुष्टि रिसाइकलर करता है।	वाहतुकीच्या चलनाची आणि प्राप्तकर्त्याच्या पोचची पुष्टी पुनर्चक्रणकर्ता करतो.
The recycler verifies the logistics payee receipt.	ढुलाई के इनवॉइस और प्राप्तकर्ता की पावती की पुष्टि रिसाइकलर करता है।	वाहतुकीच्या चलनाची आणि प्राप्तकर्त्याच्या पोचची पुष्टी पुनर्चक्रणकर्ता करतो.
The recycler or finance staff must upload the logistics invoice.	रिसाइकलर या वित्त कर्मचारी को ढुलाई का इनवॉइस अपलोड करना होगा।	पुनर्चक्रणकर्ता किंवा वित्त कर्मचाऱ्याने वाहतुकीचे चलन अपलोड करणे आवश्यक आहे.
The verification code is incorrect or expired.	सत्यापन कोड ग़लत है, समाप्त हो गया है या कोशिशों की सीमा पूरी है। नया कोड माँगें।	पडताळणी कोड चुकीचा आहे, मुदत संपली आहे किंवा प्रयत्नांची मर्यादा पूर्ण झाली आहे. नवीन कोड मागा.
This code expired or reached its attempt limit. Request a new code.	सत्यापन कोड ग़लत है, समाप्त हो गया है या कोशिशों की सीमा पूरी है। नया कोड माँगें।	पडताळणी कोड चुकीचा आहे, मुदत संपली आहे किंवा प्रयत्नांची मर्यादा पूर्ण झाली आहे. नवीन कोड मागा.
There are no handed-over goods awaiting a return.	वापसी के लिए कोई सुपुर्द किया गया माल लंबित नहीं है।	परताव्यासाठी हस्तांतरित केलेला कोणताही माल प्रलंबित नाही.
This action differs from the saved retry.	यह कोशिश पहले सहेजे गए कार्य से अलग है। पहले लंबित कार्य का परिणाम जाँचें।	हा प्रयत्न आधी जतन केलेल्या कृतीपेक्षा वेगळा आहे. आधी प्रलंबित कृतीचा निकाल तपासा.
This retry differs from the saved action.	यह कोशिश पहले सहेजे गए कार्य से अलग है। पहले लंबित कार्य का परिणाम जाँचें।	हा प्रयत्न आधी जतन केलेल्या कृतीपेक्षा वेगळा आहे. आधी प्रलंबित कृतीचा निकाल तपासा.
This retry does not match the saved action.	यह कोशिश पहले सहेजे गए कार्य से अलग है। पहले लंबित कार्य का परिणाम जाँचें।	हा प्रयत्न आधी जतन केलेल्या कृतीपेक्षा वेगळा आहे. आधी प्रलंबित कृतीचा निकाल तपासा.
This action is not allowed.	इस खाते को यह कार्य करने की अनुमति नहीं है।	या खात्याला हे काम करण्याची परवानगी नाही.
This action is not available for this account role.	इस खाते को यह कार्य करने की अनुमति नहीं है।	या खात्याला हे काम करण्याची परवानगी नाही.
This exceeds the invoice balance including pending or disputed payments. Explain the actual overpayment to record it.	लंबित और विवादित भुगतानों सहित यह राशि इनवॉइस की बाकी राशि से अधिक है। वास्तविक अतिरिक्त भुगतान का कारण बताएँ।	प्रलंबित आणि विवादित देयकांसह ही रक्कम चलनातील बाकी रकमेपेक्षा जास्त आहे. प्रत्यक्ष जास्त दिलेल्या रकमेचे कारण द्या.
This invitation is unavailable, expired or already used.	आमंत्रण उपयोग हो चुका है या उसकी वैधता समाप्त है। नया व्यक्तिगत आमंत्रण माँगें।	आमंत्रण वापरले गेले आहे किंवा त्याची मुदत संपली आहे. नवीन वैयक्तिक आमंत्रण मागा.
This invitation was already used. Request a new invitation.	आमंत्रण उपयोग हो चुका है या उसकी वैधता समाप्त है। नया व्यक्तिगत आमंत्रण माँगें।	आमंत्रण वापरले गेले आहे किंवा त्याची मुदत संपली आहे. नवीन वैयक्तिक आमंत्रण मागा.
This lot has reserved stock. Cancel the uncollected order or create a separate lot before editing.	इस लॉट का माल आरक्षित है। संपादन से पहले बिना उठान वाला ऑर्डर रद्द करें या अलग लॉट बनाएँ।	या लॉटचा माल आरक्षित आहे. बदल करण्यापूर्वी न उचललेली ऑर्डर रद्द करा किंवा स्वतंत्र लॉट तयार करा.
This payment reference is already recorded.	यह भुगतान संदर्भ पहले ही दर्ज है।	हा देयक संदर्भ आधीच नोंदवलेला आहे.
This assessment reference belongs to another photo.	इस तस्वीर का संदर्भ पहले से उपयोग में है। नई तस्वीर के लिए नया संदर्भ बनाएँ।	या फोटोचा संदर्भ आधीपासून वापरात आहे. नवीन फोटोसाठी नवीन संदर्भ तयार करा.
This photo reference already belongs to a different image.	इस तस्वीर का संदर्भ पहले से उपयोग में है। नई तस्वीर के लिए नया संदर्भ बनाएँ।	या फोटोचा संदर्भ आधीपासून वापरात आहे. नवीन फोटोसाठी नवीन संदर्भ तयार करा.
This photo reference is already in use.	इस तस्वीर का संदर्भ पहले से उपयोग में है। नई तस्वीर के लिए नया संदर्भ बनाएँ।	या फोटोचा संदर्भ आधीपासून वापरात आहे. नवीन फोटोसाठी नवीन संदर्भ तयार करा.
This request no longer accepts responses.	इस अनुरोध पर अब उत्तर नहीं दिया जा सकता।	या विनंतीला आता उत्तर देता येत नाही.
Too many attempts. Please wait before trying again.	बहुत अधिक कोशिशें हुई हैं। फिर कोशिश करने से पहले प्रतीक्षा करें।	खूप जास्त प्रयत्न झाले आहेत. पुन्हा प्रयत्न करण्यापूर्वी थांबा.
Too many verification attempts. Please wait before retrying.	बहुत अधिक कोशिशें हुई हैं। फिर कोशिश करने से पहले प्रतीक्षा करें।	खूप जास्त प्रयत्न झाले आहेत. पुन्हा प्रयत्न करण्यापूर्वी थांबा.
Upload all photos to this account before syncing the draft.	पहले इस खाते और ऑर्डर की अपनी तस्वीरें या दस्तावेज़ अपलोड करें, फिर प्रस्तुत करें।	आधी या खात्याचे आणि ऑर्डरचे स्वतःचे फोटो किंवा दस्तऐवज अपलोड करा, मग सादर करा.
Upload your own document for this order first.	पहले इस खाते और ऑर्डर की अपनी तस्वीरें या दस्तावेज़ अपलोड करें, फिर प्रस्तुत करें।	आधी या खात्याचे आणि ऑर्डरचे स्वतःचे फोटो किंवा दस्तऐवज अपलोड करा, मग सादर करा.
Upload your own evidence photos before submitting.	पहले इस खाते और ऑर्डर की अपनी तस्वीरें या दस्तावेज़ अपलोड करें, फिर प्रस्तुत करें।	आधी या खात्याचे आणि ऑर्डरचे स्वतःचे फोटो किंवा दस्तऐवज अपलोड करा, मग सादर करा.
Upload payment proof or explain the missing evidence.	भुगतान का प्रमाण अपलोड करें या प्रमाण न होने का कारण बताएँ।	देयकाचा पुरावा अपलोड करा किंवा पुरावा नसल्याचे कारण द्या.
Use the scheduling action to revise the window.	उठान की समयावधि बदलने के लिए समय-सारणी वाला कार्य उपयोग करें।	उचलण्याचा कालावधी बदलण्यासाठी वेळापत्रकाची कृती वापरा.
You already recorded this review.	यह समीक्षा पहले ही दर्ज की जा चुकी है।	हे पुनरावलोकन आधीच नोंदवलेले आहे.
Your session has ended. Sign in again; saved drafts are kept.	सत्र समाप्त हुआ। फिर साइन इन करें; सहेजे गए ड्राफ़्ट सुरक्षित हैं।	सत्र संपले. पुन्हा प्रवेश करा; जतन केलेले मसुदे सुरक्षित आहेत.
Your staff session has ended. Use a new invitation.	कर्मचारी सत्र समाप्त हुआ। नए आमंत्रण से साइन इन करें।	कर्मचारी सत्र संपले. नवीन आमंत्रणाने प्रवेश करा.
Invalid JSON request.	अनुरोध का प्रारूप सही नहीं है। ऐप ताज़ा करके फिर कोशिश करें।	विनंतीचे स्वरूप योग्य नाही. ॲप अद्ययावत करून पुन्हा प्रयत्न करा.
Invalid material line.	सामग्री पंक्ति सही नहीं है। उसका विवरण जाँचें।	मालाची ओळ योग्य नाही. तिचे तपशील तपासा.
Invalid notification cursor.	सूचना सूची पुरानी है। नई सूचनाएँ फिर खोलें।	सूचनांची यादी जुनी आहे. नवीनतम सूचना पुन्हा उघडा.
Invalid record reference.	रिकॉर्ड का संदर्भ सही नहीं है। सूची से फिर खोलें।	नोंदीचा संदर्भ योग्य नाही. यादीतून पुन्हा उघडा.
Invalid staff identity.	कर्मचारी की पहचान मान्य नहीं है। फिर साइन इन करें।	कर्मचाऱ्याची ओळख वैध नाही. पुन्हा प्रवेश करा.
Invalid staff signature. Sign in again.	कर्मचारी की पहचान सत्यापित नहीं हुई। फिर साइन इन करें।	कर्मचाऱ्याची ओळख पडताळली गेली नाही. पुन्हा प्रवेश करा.
Invitation sign-in is not configured.	आमंत्रण से साइन इन की सुविधा तैयार नहीं है। सहायता लें।	आमंत्रणाने प्रवेश करण्याची सुविधा तयार नाही. मदत घ्या.
Method not supported.	यह कार्य समर्थित नहीं है। ऐप ताज़ा करें या सहायता लें।	ही कृती समर्थित नाही. ॲप अद्ययावत करा किंवा मदत घ्या.
Open the staff portal on this server before making changes.	बदलाव करने से पहले इस सेवा का कर्मचारी पोर्टल खोलें।	बदल करण्यापूर्वी या सेवेचे कर्मचारी पोर्टल उघडा.
Operations access is not configured.	संचालन खाते का प्रवेश तैयार नहीं है। सहायता लें।	संचालन खात्याचा प्रवेश तयार नाही. मदत घ्या.
Personal accounts are not available on this server yet.	इस सेवा पर व्यक्तिगत खाते अभी उपलब्ध नहीं हैं।	या सेवेवर वैयक्तिक खाती अद्याप उपलब्ध नाहीत.
Record settlement against the current invoice revision.	निपटान को इनवॉइस के वर्तमान संशोधन से जोड़ें।	हिशोबाची नोंद चलनाच्या सध्याच्या आवृत्तीशी जोडा.
Request is too large.	अनुरोध बहुत बड़ा है। कम तस्वीरें या छोटा दस्तावेज़ चुनें।	विनंती खूप मोठी आहे. कमी फोटो किंवा लहान दस्तऐवज निवडा.
Review the current pending invoice revision.	इनवॉइस के वर्तमान लंबित संशोधन की समीक्षा करें।	चलनाच्या सध्याच्या प्रलंबित आवृत्तीचे पुनरावलोकन करा.
Sign in through Freedom Value staff access.	Freedom Value के कर्मचारी प्रवेश से साइन इन करें।	Freedom Value च्या कर्मचारी प्रवेशातून खात्यात प्रवेश करा.
Sign in with your personal staff invitation.	अपने व्यक्तिगत कर्मचारी आमंत्रण से साइन इन करें।	तुमच्या वैयक्तिक कर्मचारी आमंत्रणाने प्रवेश करा.
Sign-in could not be completed. Request a new code.	साइन इन पूरा नहीं हुआ। नया कोड माँगें।	प्रवेश पूर्ण झाला नाही. नवीन कोड मागा.
Staff identity expired or is invalid for this application.	कर्मचारी की पहचान समाप्त या अमान्य है। फिर साइन इन करें।	कर्मचाऱ्याची ओळख कालबाह्य किंवा अवैध आहे. पुन्हा प्रवेश करा.
Staff identity verification is unavailable.	कर्मचारी पहचान सत्यापन अभी उपलब्ध नहीं है। बाद में कोशिश करें।	कर्मचारी ओळख पडताळणी सध्या उपलब्ध नाही. नंतर प्रयत्न करा.
This identity has no active staff invitation.	इस पहचान के लिए सक्रिय कर्मचारी आमंत्रण नहीं है।	या ओळखीसाठी सक्रिय कर्मचारी आमंत्रण नाही.
Unknown finance action.	वित्त संबंधी कार्य पहचाना नहीं गया। ऐप ताज़ा करें या सहायता लें।	वित्तविषयक कृती ओळखली नाही. ॲप अद्ययावत करा किंवा मदत घ्या.
Unknown logistics action.	ढुलाई संबंधी कार्य पहचाना नहीं गया। ऐप ताज़ा करें या सहायता लें।	वाहतूकविषयक कृती ओळखली नाही. ॲप अद्ययावत करा किंवा मदत घ्या.
Unknown order action.	ऑर्डर संबंधी कार्य पहचाना नहीं गया। ऐप ताज़ा करें या सहायता लें।	ऑर्डरविषयक कृती ओळखली नाही. ॲप अद्ययावत करा किंवा मदत घ्या.
Use a JSON object.	अनुरोध का प्रारूप सही नहीं है। ऐप ताज़ा करके फिर कोशिश करें।	विनंतीचे स्वरूप योग्य नाही. ॲप अद्ययावत करून पुन्हा प्रयत्न करा.
Use a JSON request.	अनुरोध का प्रारूप सही नहीं है। ऐप ताज़ा करके फिर कोशिश करें।	विनंतीचे स्वरूप योग्य नाही. ॲप अद्ययावत करून पुन्हा प्रयत्न करा.
Review the entered details and try again. Saved drafts are kept.	दर्ज किए गए विवरण जाँचकर फिर कोशिश करें। सहेजे हुए ड्राफ़्ट सुरक्षित हैं।	भरलेले तपशील तपासून पुन्हा प्रयत्न करा. जतन केलेले मसुदे सुरक्षित आहेत.
Technical details	तकनीकी विवरण	तांत्रिक तपशील
OK	ठीक है	ठीक आहे
